,Type of Accomodation,Address,Room Type,Number of Rooms,Free cancellation cleaned,Travelers,Bathrooms,Rating,Number of comments,Price per night,Host,Host experience,Extracted Region,Top Keywords
0,cabane ," Traînel, France",Room,1,yes,2,1.0,4.97,61.0,115.0,Julien,5 mois,Grand Est,"propre, calme, cosy"
1,Grotte ," Noyers-sur-Cher, France",Room,1,no,4,1.0,4.82,417.0,152.0,Sandrine,depuis 10 ans,Centre-Val de Loire,"atypique, expérience, château"
2,appartement ," Rouen, France",Room,1,no,2,1.0,4.93,165.0,120.0,Claire,depuis 7 ans,Normandie,"atypique, propre, sauna"
3,maison d'hôtes ," Ussel, France",Room,1,yes,2,1.0,4.93,457.0,32.0,Christophe,depuis 5 ans,Nouvelle-Aquitaine,"calme, terrasse, cosy"
4,hébergement ," Valras-Plage, France",Room,1,yes,2,2.0,4.93,84.0,207.0,Amandine Et Maxime,depuis 3 ans,Occitanie,"spa, cocooning, décoration"
5,Tiny house ," Badonviller, France",Room,1,yes,2,1.0,5.0,31.0,124.0,Audrey,4 mois,Grand Est,"sauna, spa, nature"
6,hébergement ," Renac, France",Room,1,yes,2,1.0,4.97,206.0,132.0,Marine Et Bastien De Alcôve Conciergerie,8 mois,Bretagne,"ambiance, propre, attention"
7,appartement ," Chessy, France",Room,1,yes,4,1.0,4.99,190.0,158.0,Elodie,,Île-de-France,"espace, spa, propre"
8,loft ," La Seyne-sur-Mer, France",Room,1,no,4,1.0,5.0,10.0,176.0,Le 11 En Seyne,depuis 3 ans,Provence-Alpes-Côte d'Azur,"romantique, escapad, ambiance"
9,chalet ," Épinal, France",Room,1,no,2,1.0,4.99,146.0,155.0,Marine,depuis 3 ans,Grand Est,"marine, déjeuner, calme"
10,hébergement ," Rocquigny, France",Studio,0,yes,2,1.0,5.0,204.0,118.0,Agence COCOONR / BOOK&PAY,depuis 5 ans,Hauts-de-France,"déjeuner, sauna, attention"
11,hébergement ," Chézery-Forens, France",Room,1,no,2,1.0,4.93,89.0,70.0,Gaelle,,Auvergne-Rhône-Alpes,"nature, déjeuner, calme"
12,Grotte ," Trilport, France",Room,1,yes,2,1.0,4.98,91.0,136.0,Clémentin,5 mois,Île-de-France,"atypique, expérience, propre"
13,Tiny house ," Graves-Saint-Amant, France",Room,1,yes,2,1.0,4.99,134.0,142.0,Heather Et Thomas,depuis 3 ans,Nouvelle-Aquitaine,"calme, nature, équipée"
14,cottage ," Gouloux, France",Room,1,yes,3,1.0,5.0,338.0,56.0,Françoise Et Sébastien,depuis 3 ans,Bourgogne-Franche-Comté,"attention, bois, confortable"
15,hébergement ," Oberbronn, France",Room,1,yes,2,1.0,4.98,132.0,95.0,Jennifer Et Eric,depuis 3 ans,Grand Est,"remou, attention, ambiance"
16,appartement ," Saint-Saturnin-lès-Avignon, France",Room,1,yes,2,1.0,5.0,9.0,108.0,Mickael,1 mois,Provence-Alpes-Côte d'Azur,"sauna, décoration, bulle"
17,chalet ," Amoncourt, France",Room,2,no,4,1.0,4.98,84.0,90.0,Adiana,depuis 2 ans,Bourgogne-Franche-Comté,"accueillant, cabane, nature"
18,appartement ," Six-Fours-les-Plages, France",Studio,0,yes,4,1.0,4.91,341.0,65.0,Julia,depuis 7 ans,Provence-Alpes-Côte d'Azur,"vue, studio, plage"
19,Grange ," Guewenheim, France",Room,1,yes,2,1.0,5.0,28.0,150.0,Karine Et Laurent,4 mois,Grand Est,"sauna, remou, spa"
20,chalet ," Amoncourt, France",Room,2,no,4,1.0,4.98,84.0,90.0,Adiana,depuis 2 ans,Bourgogne-Franche-Comté,"accueillant, cabane, nature"
21,Grange ," Guewenheim, France",Room,1,yes,2,1.0,5.0,28.0,150.0,Karine Et Laurent,4 mois,Grand Est,"sauna, remou, spa"
22,Tiny house ," Saint-Julien-le-Roux, France",Room,2,yes,3,1.0,4.98,106.0,83.0,Noémie,depuis 3 ans,Auvergne-Rhône-Alpes,"vue, nature, terrasse"
23,appartement ," Six-Fours-les-Plages, France",Studio,0,yes,4,1.0,4.91,341.0,65.0,Julia,depuis 7 ans,Provence-Alpes-Côte d'Azur,"vue, studio, plage"
24,cabane ," Beaumontel, France",Room,1,yes,2,1.0,5.0,66.0,62.0,Christian,10 mois,Normandie,"christian, cabane, sauna"
25,appartement ," Metz, France",Room,1,yes,2,1.0,4.92,365.0,115.0,Thomas,depuis 2 ans,Grand Est,"sauna, propre, amical"
26,Tiny house ," Le Triadou, France",Room,1,yes,2,1.0,4.95,132.0,70.0,Laurence,,Occitanie,"piscine, atypique, propre"
27,maison d'hôtes ," PENNE D'AGENAIS, France",Studio,0,yes,2,1.0,4.96,170.0,55.0,Stephanie,depuis 4 ans,Nouvelle-Aquitaine,"animal, calme, nature"
28,Grange ," Chantraine, France",Room,2,yes,4,1.0,5.0,28.0,51.0,Jérémie,6 mois,Grand Est,"atypique, amical, propre"
29,hébergement ," Chaumousey, France",Studio,0,yes,2,1.0,5.0,9.0,64.0,Louise,,Grand Est,"studio, accueillante, propre"
30,chalet ," Raon-aux-Bois, France",Room,2,no,4,2.0,4.98,56.0,203.0,Marine,depuis 7 ans,Grand Est,"marine, cabane, sauna"
31,maison d'hôtes ," Touffreville-la-Corbeline, France",Room,1,yes,4,1.0,4.99,276.0,72.0,Yohann,depuis 4 ans,Normandie,"animal, propre, attention"
32,hébergement ," Saint-Front, France",Room,2,yes,3,1.0,4.93,254.0,99.0,Melanie,depuis 7 ans,Nouvelle-Aquitaine,"sauna, cosy, vue"
33,Tiny house ," Fourques, France",Room,1,no,2,1.0,5.0,34.0,100.0,Valerie Jerome,depuis 4 ans,Occitanie,"piscine, animal, calme"
34,Péniche ," Plobsheim, France",Room,1,no,2,1.0,4.97,107.0,130.0,Florian,,Grand Est,"calme, remou, expérience"
35,logement de vacances ," Miribel-les-Échelles, France",Room,1,no,4,1.0,4.99,73.0,72.0,Myriam,depuis 2 ans,Auvergne-Rhône-Alpes,"vue, accueillante, propre"
36,cabane ," Azereix, France",Room,1,yes,2,1.0,5.0,11.0,170.0,Sandra,3 mois,Occitanie,"cabane, déjeuner, accueillant"
37,Bateau ," Saint-Étienne, France",Room,1,no,4,1.0,4.81,31.0,207.0,Alexandre,depuis 4 ans,Auvergne-Rhône-Alpes,"grand, atypique, alexandre"
38,hébergement ," Bretteville, France",Room,1,yes,4,1.0,4.97,37.0,54.0,Benjamin,8 mois,Normandie,"vue, coucher, plage"
39,appartement ," Saint-Raphaël, France",Room,1,yes,2,1.0,4.93,76.0,164.0,Mel,depuis 5 ans,Nouvelle-Aquitaine,"suite, propre, expérience"
40,hébergement ," Uriménil, France",Room,1,yes,2,1.0,4.92,48.0,91.0,Aline,depuis 2 ans,Grand Est,"calme, propre, grand"
41,appartement ," Laveline-devant-Bruyères, France",Room,1,yes,2,1.0,5.0,72.0,159.0,Jordan,6 mois,Grand Est,"propre, déjeuner, sauna"
42,Gîte à la ferme ," Chalautre-la-Petite, France",Room,2,no,6,1.0,4.99,189.0,60.0,Caroline,depuis 4 ans,Île-de-France,"animal, propre, décoration"
43,chalet ," Montreuil-sur-Epte, France",Room,1,yes,2,1.0,4.92,273.0,221.0,Pierre,depuis 5 ans,Île-de-France,"calme, vue, nature"
44,hébergement ," Sentein, France",Room,1,yes,2,1.0,4.96,270.0,58.0,Olivier,depuis 4 ans,Occitanie,"studio, vue, montagne"
45,hébergement ," Le Béage, France",Room,2,no,4,1.0,4.97,65.0,75.0,Hélène Et Thomas,depuis 6 ans,Auvergne-Rhône-Alpes,"hélène, vue, déjeuner"
46,chalet ," Prouilly, France",Room,1,yes,2,2.0,4.96,430.0,111.0,Adrien,depuis 4 ans,Grand Est,"calme, vue, propre"
47,suite ," Monthion, France",Room,1,yes,2,1.0,4.96,161.0,62.0,Nathalie,depuis 4 ans,Auvergne-Rhône-Alpes,"vue, cabane, piscine"
48,Dôme ," Caylus, France",Room,1,yes,2,1.0,4.91,155.0,135.0,Natura,depuis 4 ans,Occitanie,"déjeuner, accueillante, bulle"
49,chalet ," Sapois, France",Room,2,yes,6,1.0,4.98,148.0,90.0,Sebastien,depuis 9 ans,Grand Est,"vue, cabane, confortable"
50,appartement ," Mutzig, France",Room,3,no,8,1.0,4.85,448.0,241.0,Adam,depuis 6 ans,Grand Est,"piscine, propre, grand"
51,loft ," Ventron, France",Room,2,no,5,2.0,4.95,98.0,120.0,Marine,depuis 7 ans,Grand Est,"marine, sauna, confortable"
52,Maison en terre ," La Haie-Traversaine, France",Room,2,no,5,1.0,5.0,19.0,99.0,Agence COCOONR / BOOK&PAY,depuis 5 ans,Pays de la Loire,"atypique, grand, charme"
53,hébergement ," Lautenbach, France",Room,2,no,6,1.0,5.0,30.0,175.0,Amélie,6 mois,Grand Est,"lequel, confortable, attention"
54,maison de ville ," Ortaffa, France",Room,3,no,6,1.0,5.0,158.0,248.0,Johanne,depuis 2 ans,Occitanie,"décoration, attention, propre"
55,hébergement ," Roscanvel, France",Room,3,no,6,2.0,5.0,12.0,156.0,Eric,8 mois,Bretagne,"marine, vue, chaleureux"
56,chalet ," Dabo, France",Room,2,no,5,1.0,4.92,113.0,84.0,Yannick,depuis 4 ans,Grand Est,"calme, nature, propre"
57,Gîte à la ferme ," Chalautre-la-Petite, France",Room,2,no,6,1.0,4.99,189.0,92.0,Caroline,depuis 4 ans,Île-de-France,"animal, décoration, propre"
58,appartement ," Le Tréport, France",Room,3,yes,6,2.0,4.99,148.0,145.0,Edwige,depuis 3 ans,Normandie,"vue, propre, restaurant"
59,Cabane perchée ," Ratières, France",Room,2,no,7,1.0,4.97,283.0,164.0,Jordane,depuis 9 ans,Auvergne-Rhône-Alpes,"cabane, piscine, calme"
60,Tiny house ," Recoubeau-Jansac, France",Unknown,0,no,5,1.0,4.98,56.0,138.0,Camping,depuis 2 ans,Auvergne-Rhône-Alpes,"cabane, chaleureux, confortable"
61,hébergement ," Le Muy, France",Room,1,no,5,2.0,4.98,100.0,210.0,Pascal,depuis 2 ans,Provence-Alpes-Côte d'Azur,"piscine, terrain, atypique"
62,cottage ," Cléguérec, France",Room,1,yes,5,1.0,5.0,53.0,60.0,Nicolas,depuis 2 ans,Bretagne,"calme, équipée, confortable"
63,hébergement ," Concoret, France",Room,2,no,5,1.0,4.96,234.0,44.0,Virginie,depuis 8 ans,Bretagne,"animal, accueillante, calme"
64,Gîte à la ferme ," Kalhausen, France",Room,3,no,6,1.0,4.92,213.0,165.0,Arnaud,depuis 3 ans,Grand Est,"sauna, animal, remou"
65,Chambre ," Cordon, France",Unknown,0,no,3,,4.82,148.0,126.0,Cedric,depuis 2 ans,Auvergne-Rhône-Alpes,"vue, mont, spacieux"
66,hébergement ," Rosières, France",Room,2,no,5,1.0,5.0,82.0,67.0,Magali,depuis 2 ans,Hauts-de-France,"calme, équipée, nature"
67,appartement ," Pont-sur-Yonne, France",Room,2,yes,6,1.0,4.93,44.0,112.0,Loïc,depuis 4 ans,Bourgogne-Franche-Comté,"propre, expérience, qualité"
68,hébergement ," Cornimont, France",Room,3,no,5,1.0,,1.0,122.0,Agence COCOONR / BOOK&PAY,depuis 5 ans,Grand Est,"dépaysant, ambiance, accueillant"
69,appartement ," Saint-Mandrier-sur-Mer, France",Room,1,no,6,1.0,5.0,3.0,37.0,Alexandre,1 mois,Provence-Alpes-Côte d'Azur,"alexandre, disponibilité, cuisine"
70,appartement ," Saint-Denis, France",Room,2,no,6,1.0,,2.0,70.0,Thibaud,depuis 6 ans,Île-de-France,"accueillant, accueillante, aimable"
71,villa ," Oletta, France",Room,2,yes,6,1.0,4.97,154.0,65.0,Flavie,depuis 6 ans,Corse,"piscine, propre, équipée"
72,hébergement ," Val-d'Izé, France",Room,3,no,6,1.0,4.93,42.0,95.0,Sylvie,depuis 2 ans,Bretagne,"piscine, animal, accueillante"
73,hébergement ," Floyon, France",Room,1,no,5,1.0,5.0,5.0,81.0,Agence COCOONR / BOOK&PAY,depuis 5 ans,Hauts-de-France,"décoration, calme, propre"
74,hébergement ," Primelin, France",Room,3,yes,6,1.0,5.0,37.0,73.0,Marie,10 mois,Bretagne,"plage, équipée, attention"
75,villa ," Bormes-les-Mimosas, France",Room,3,no,8,2.0,4.94,16.0,121.0,Sophie,,Provence-Alpes-Côte d'Azur,"vue, piscine, équipée"
76,hébergement ," Sorbo-Ocagnano, France",Room,3,yes,6,2.0,5.0,6.0,188.0,Daniel,9 mois,Corse,"plage, piscine, extérieur"
77,Maison en terre ," La Mézière, France",Room,2,yes,5,1.0,4.99,534.0,51.0,Annie-Claude,depuis 8 ans,Bretagne,"propre, calme, environnement"
78,hébergement ," Saint-Laurent-de-la-Prée, France",Room,2,yes,6,1.0,4.93,14.0,52.0,Alexandre,depuis 3 ans,Nouvelle-Aquitaine,"alexandre, piscine, plage"
79,hébergement ," Drumettaz-Clarafond, France",Room,3,no,6,1.0,4.94,579.0,70.0,Hélène,depuis 10 ans,Auvergne-Rhône-Alpes,"hélène, calme, bois"
80,appartement ," Leucate, France",Room,2,no,5,1.0,4.89,150.0,51.0,Romain,depuis 8 ans,Occitanie,"plage, propre, barbecue"
81,chalet ," Haselbourg, France",Room,2,yes,7,1.0,4.81,64.0,80.0,Charlotte,,Grand Est,"calme, nature, confortable"
82,appartement ," Porto-Vecchio, France",Room,3,yes,6,1.0,4.93,14.0,45.0,Léo,5 mois,Corse,"parking, terrasse, montagne"
83,Tour ," Saint-Vincent-des-Landes, France",Room,2,no,6,2.0,4.9,209.0,107.0,Beatriz Et Patrice,depuis 6 ans,Pays de la Loire,"piscine, campagne, calme"
84,appartement ," Olmeto, France",Room,2,no,6,1.0,4.91,342.0,75.0,Claire,depuis 7 ans,Corse,"plage, accueillante, remerci"
85,hébergement ," Cervione, France",Room,2,yes,6,1.0,4.88,78.0,31.0,Hélène Et Stéphane SARL A Pace,depuis 12 ans,Corse,"hélène, vue, plage"
86,chalet ," Les Rousses, France",Room,3,no,14,0.0,4.84,482.0,115.0,Maxime,depuis 8 ans,Bourgogne-Franche-Comté,"nature, vue, bois"
87,hébergement ," Autoire, France",Room,2,no,5,1.0,4.97,60.0,60.0,Emilie Et Julien,depuis 2 ans,Occitanie,"piscine, propre, calme"
88,Chambre privée dans : appartement en résidence ," Athis-Mons, France",Room,2,yes,5,1.0,4.95,160.0,78.0,Reda,depuis 2 ans,Île-de-France,"propre, confortable, spacieux"
89,chalet ," Le Dévoluy, France",Room,3,yes,5,1.0,4.97,73.0,90.0,Lionnel,depuis 8 ans,Provence-Alpes-Côte d'Azur,"vue, paysage, idyllique"
90,appartement ," Wintzenheim, France",Room,2,yes,6,1.0,5.0,7.0,80.0,Jessica Et Aurélien,1 mois,Grand Est,"gentillesse, décoration, attention"
91,maison de ville ," Obernai, France",Room,2,no,6,1.0,4.98,384.0,101.0,Isabelle,depuis 6 ans,Grand Est,"calme, parking, propre"
92,hébergement ," Puyméras, France",Room,3,yes,6,3.0,5.0,19.0,90.0,Chloé,depuis 7 ans,Provence-Alpes-Côte d'Azur,"calme, piscine, nature"
93,hébergement ," Le Mas-d'Azil, France",Room,3,no,5,1.0,4.98,201.0,91.0,Dominique,depuis 12 ans,Occitanie,"piscine, sauna, nature"
94,appartement ," Villemomble, France",Room,2,yes,6,1.0,4.95,20.0,155.0,Estelle Hulya,2 mois,Île-de-France,"propre, expérience, escapad"
95,cabane ," Publier, France",Room,3,no,7,1.0,4.91,78.0,165.0,Hadrien,depuis 2 ans,Auvergne-Rhône-Alpes,"parc, charme, grand"
96,hébergement ," Guérande, France",Room,3,no,6,1.0,4.87,292.0,61.0,Lise-Marie Et François,depuis 5 ans,Pays de la Loire,"calme, propre, extérieur"
97,chalet ," Xonrupt-Longemer, France",Room,1,yes,5,1.0,4.93,121.0,77.0,Jules Et Marie,depuis 2 ans,Grand Est,"gentil, calme, vue"
98,appartement ," Baudinard-sur-Verdon, France",Room,3,yes,7,2.0,4.98,60.0,109.0,Danielle,depuis 6 ans,Provence-Alpes-Côte d'Azur,"confortable, grand, piscine"
99,hébergement ," Lanvéoc, France",Room,3,no,5,1.0,4.92,270.0,76.0,Françoise,depuis 8 ans,Bretagne,"remerci, accueillante, calme"
100,hébergement ," Beaufort-Orbagna, France",Room,2,no,6,1.0,4.84,95.0,53.0,Charlotte Virginie,10 mois,Bourgogne-Franche-Comté,"spacieux, propre, calme"
101,appartement ," Baudinard-sur-Verdon, France",Room,3,yes,7,2.0,4.98,60.0,109.0,Danielle,depuis 6 ans,Provence-Alpes-Côte d'Azur,"confortable, grand, piscine"
102,hébergement ," Wintzenheim, France",Room,2,yes,6,1.0,4.94,293.0,60.0,Speth,depuis 7 ans,Grand Est,"sauna, spa, attention"
103,hébergement ," Lanvéoc, France",Room,3,no,5,1.0,4.92,270.0,76.0,Françoise,depuis 8 ans,Bretagne,"remerci, accueillante, calme"
104,hébergement ," Beaufort-Orbagna, France",Room,2,no,6,1.0,4.84,95.0,53.0,Charlotte Virginie,10 mois,Bourgogne-Franche-Comté,"spacieux, propre, calme"
105,appartement ," Espelette, France",Room,2,yes,5,1.0,4.96,131.0,60.0,Kattalin,depuis 6 ans,Nouvelle-Aquitaine,"calme, vue, accueillant"
106,hébergement ," La Salvetat-Peyralès, France",Room,3,no,5,1.0,4.82,61.0,60.0,Marie Claude,depuis 10 ans,Occitanie,"calme, campagne, spa"
107,hébergement ," Vielle-Saint-Girons, France",Room,3,yes,6,2.0,5.0,22.0,179.0,Marylene,depuis 7 ans,Nouvelle-Aquitaine,"plage, spa, équipée"
108,appartement ," Gérardmer, France",Room,2,yes,5,1.0,4.97,70.0,70.0,Anthony,depuis 2 ans,Grand Est,"propre, spacieux, calme"
109,hébergement ," Gioux, France",Room,3,yes,6,1.0,5.0,19.0,85.0,Kathelijne,10 mois,Nouvelle-Aquitaine,"piscine, accueillante, déjeuner"
110,appartement en résidence ," La Plagne-Tarentaise, France",Room,3,yes,6,3.0,5.0,13.0,75.0,Cyril,depuis 4 ans,Auvergne-Rhône-Alpes,"vue, confortable, montagne"
111,hébergement ," Athée-sur-Cher, France",Room,2,no,10,2.0,4.91,580.0,90.0,Ambre,depuis 6 ans,Centre-Val de Loire,"déjeuner, piscine, propre"
112,chalet ," Saint-Laurent-en-Grandvaux, France",Room,3,yes,6,1.0,5.0,12.0,118.0,Agence COCOONR / BOOK&PAY,depuis 5 ans,Bourgogne-Franche-Comté,"mention, cosy, propre"
113,appartement ," Wintzenheim, France",Room,2,no,6,1.0,4.97,272.0,184.0,Maud,depuis 5 ans,Grand Est,"propre, grand, remou"
114,chalet ," Soultzeren, France",Room,2,no,6,1.0,4.93,109.0,100.0,Audrey,depuis 11 ans,Grand Est,"vue, propre, accueillante"
115,hébergement ," Brumath, France",Room,3,no,6,1.0,,2.0,126.0,Cathy,,Grand Est,"décoration, spacieux, gentil"
116,villa ," Bédoin, France",Room,3,yes,7,1.0,4.98,59.0,100.0,Lionel,depuis 2 ans,Provence-Alpes-Côte d'Azur,"piscine, mont, équipée"
117,cottage ," Saint-Vincent-du-Lorouër, France",Room,2,yes,6,1.0,4.94,283.0,61.0,Abdel Ilah,depuis 3 ans,Pays de la Loire,"confortable, calme, cuisine"
118,cottage ," Signy-le-Petit, France",Room,2,no,6,1.0,4.66,140.0,72.0,Nathalie,depuis 4 ans,Grand Est,"piscine, calme, propre"
119,hébergement ," Ensisheim, France",Room,2,yes,6,1.0,4.94,194.0,69.0,Thibaut,depuis 4 ans,Grand Est,"spacieux, calme, propre"
120,appartement ," Saint-Avre, France",Room,2,yes,6,1.0,4.93,41.0,156.0,Noel,11 mois,Auvergne-Rhône-Alpes,"piscine, vue, propre"
121,logement de vacances ," Le Portel, France",Room,3,no,6,1.0,4.8,96.0,71.0,Élodie,depuis 2 ans,Hauts-de-France,"plage, vue, propre"
122,chalet ," Le Menil, France",Room,2,yes,5,1.0,4.91,131.0,165.0,Yves,depuis 9 ans,Grand Est,"sauna, spa, calme"
123,appartement ," La Seyne-sur-Mer, France",Room,2,no,8,1.0,4.92,92.0,123.0,Anthony,depuis 3 ans,Provence-Alpes-Côte d'Azur,"vue, plage, terrasse"
124,hébergement ," Port-des-Barques, France",Room,3,no,6,1.0,4.86,14.0,110.0,Maryline,depuis 2 ans,Nouvelle-Aquitaine,"piscine, équipée, calme"
125,hébergement ," Trégastel, France",Room,3,no,6,2.0,4.95,76.0,57.0,Arnaud Et Tiffen,depuis 4 ans,Bretagne,"plage, grand, équipée"
126,hébergement ," Saint-Mard-de-Réno, France",Room,3,no,6,1.0,4.94,32.0,70.0,Sonia,,Normandie,"calme, accueillante, campagne"
127,appartement ," Aime-la-Plagne, France",Room,2,yes,6,1.0,5.0,31.0,120.0,Alex,6 mois,Auvergne-Rhône-Alpes,"vue, parking, propre"
128,résidence de tourisme ," Gérardmer, France",Room,4,no,8,4.0,4.88,93.0,180.0,Tonino,depuis 4 ans,Grand Est,"propre, spa, sentier"
129,maison de ville ," Arnage, France",Room,2,no,6,1.0,4.91,318.0,81.0,Pauline,depuis 2 ans,Pays de la Loire,"propre, calme, fenêtre"
130,hébergement ," Jullouville, France",Room,3,no,7,1.0,5.0,37.0,127.0,Sophie,depuis 2 ans,Normandie,"piscine, plage, propre"
131,villa ," Frontignan, France",Room,2,no,6,1.0,,2.0,47.0,Sandrine,,Occitanie,"environnement, calme, accueillant"
132,appartement ," Antibes, France",Room,2,yes,6,1.0,5.0,46.0,128.0,Joshua,,Provence-Alpes-Côte d'Azur,"vue, propre, plage"
133,cottage ," Plouescat, France",Room,3,no,6,1.0,4.91,77.0,49.0,Erwan,depuis 9 ans,Bretagne,"plage, animal, calme"
134,suite ," Verton, France",Room,2,yes,6,1.0,4.95,155.0,96.0,Celine,depuis 2 ans,Hauts-de-France,"propre, plage, calme"
135,hébergement ," Plévenon, France",Room,3,yes,6,1.0,4.98,98.0,155.0,Loïc,depuis 6 ans,Bretagne,"plage, vue, cuisine"
136,hébergement ," Saint-Jean-Saint-Maurice-sur-Loire, France",Room,1,yes,5,1.0,4.97,181.0,85.0,Arnaud,depuis 5 ans,Auvergne-Rhône-Alpes,"sauna, campagne, calme"
137,maison de ville ," Sausset-les-Pins, France",Room,3,no,6,1.0,4.85,13.0,100.0,Aude,depuis 3 ans,Provence-Alpes-Côte d'Azur,"grand, plage, sentier"
138,cabane ," Tournavaux, France",Room,2,no,5,,4.86,64.0,170.0,Johann,,Grand Est,"cabane, déjeuner, vue"
139,Gîte à la ferme ," Ranrupt, France",Room,2,yes,5,1.0,4.94,192.0,87.0,Wagner,depuis 8 ans,Grand Est,"animal, nature, confortable"
140,maison de ville ," Peyriac-de-Mer, France",Room,1,yes,4,1.0,4.96,158.0,61.0,Elise,depuis 4 ans,Occitanie,"propre, calme, confortable"
141,maison d'hôtes ," Entrechaux, France",Room,2,no,4,1.0,4.93,120.0,110.0,Nathalie Et Aubert,depuis 6 ans,Provence-Alpes-Côte d'Azur,"piscine, vue, mont"
142,appartement ," La Ciotat, France",Room,1,yes,2,1.0,4.9,62.0,98.0,Alain,6 mois,Provence-Alpes-Côte d'Azur,"plage, décoration, studio"
143,chalet ," Lanton, France",Room,2,yes,5,1.0,4.97,108.0,60.0,Christopher Marlène,depuis 4 ans,Nouvelle-Aquitaine,"piscine, propre, extérieur"
144,résidence de tourisme ," Asnières-sur-Seine, France",Room,1,no,2,1.0,4.62,2.0,80.0,"Residhome, Séjours & Affaires",depuis 4 ans,Île-de-France,"propre, chauffage, base"
145,chalet ," Corcieux, France",Room,3,no,6,1.0,4.87,195.0,122.0,Richard,depuis 3 ans,Grand Est,"remerci, vue, calme"
146,hébergement ," Dammartin-en-Goële, France",Room,1,no,4,1.0,4.92,51.0,108.0,Amandine,6 mois,Île-de-France,"propre, gentil, relaxer"
147,chalet ," Le Menil, France",Room,2,yes,5,1.0,4.91,132.0,171.0,Yves,depuis 9 ans,Grand Est,"sauna, spa, calme"
148,maison d'hôtes ," Fosses, France",Room,1,no,2,1.0,4.92,288.0,230.0,Robin,depuis 3 ans,Île-de-France,"propre, spa, cocooning"
149,appartement en résidence ," Saint-Florent, France",Room,1,no,4,1.0,4.92,72.0,70.0,Alain,depuis 3 ans,Centre-Val de Loire,"vue, plage, piscine"
150,appartement ," Guebwiller, France",Room,4,yes,14,3.0,5.0,10.0,287.0,Hugo,depuis 2 ans,Grand Est,"propre, grand, retrouver"
151,appartement ," Saint-Honoré, France",Room,2,no,6,2.0,4.97,71.0,77.0,Dorian,depuis 2 ans,Normandie,"vue, terrasse, calme"
152,maison de ville ," La Rivière-Saint-Sauveur, France",Room,1,no,2,1.0,4.84,147.0,145.0,Alexandre,,Normandie,"alexandre, propre, calme"
153,appartement ," La Bresse, France",Room,1,no,4,1.0,4.56,86.0,173.0,Sarl,depuis 2 ans,Grand Est,"vue, terrasse, accueillante"
154,appartement ," Carnoux-en-Provence, France",Room,1,yes,4,1.0,4.93,44.0,63.0,Zen Vacances,4 mois,Provence-Alpes-Côte d'Azur,"attention, calme, propre"
155,hébergement ," Arné, France",Room,2,yes,6,1.0,5.0,7.0,105.0,Fatima Et Jean Pierre,,Occitanie,"piscine, propre, accueillant"
156,appartement ," Cargèse, France",Room,1,yes,3,1.0,5.0,11.0,88.0,Agathe,depuis 2 ans,Corse,"plage, vue, terrasse"
157,hébergement ," Campan, France",Room,2,no,6,1.0,5.0,5.0,100.0,Clément,depuis 9 ans,Occitanie,"grand, cosy, attention"
158,hébergement ," Beaudean, France",Room,2,yes,4,2.0,5.0,42.0,61.0,Sylvie,depuis 10 ans,Occitanie,"accueillante, équipée, cuisine"
159,appartement ," Orbey, France",Room,1,no,2,1.0,5.0,203.0,85.0,Margaux,depuis 5 ans,Grand Est,"attention, grand, propre"
160,appartement ," Porto-Vecchio, France",Room,3,yes,6,1.0,4.93,14.0,45.0,Léo,5 mois,Corse,"parking, terrasse, montagne"
161,suite ," Presles, France",Room,1,no,2,1.0,4.91,78.0,126.0,Charlène,depuis 2 ans,Auvergne-Rhône-Alpes,"accueillante, studio, propre"
162,appartement ," Blonville-sur-Mer, France",Room,1,no,2,1.0,4.62,119.0,96.0,Gaëlle Et Arthur,depuis 4 ans,Normandie,"plage, remou, atypique"
163,appartement ," Varces-Allières-et-Risset, France",Room,2,yes,6,1.0,4.99,290.0,80.0,Léo,depuis 3 ans,Auvergne-Rhône-Alpes,"terrasse, montagne, grand"
164,hébergement ," Létricourt, France",Room,1,no,2,1.0,,1.0,30.0,Jeannine Et Baptiste,depuis 10 ans,Grand Est,"satisfaire, accueillant, accueillante"
165,hébergement ," Vaux-Montreuil, France",Room,3,no,6,2.0,4.88,17.0,113.0,François,6 mois,Grand Est,"propre, équipée, bois"
166,hébergement ," Sartrouville, France",Room,1,yes,2,1.0,4.92,36.0,176.0,Stephane,3 mois,Île-de-France,"propre, décoration, chaude"
167,hébergement ," Eppe-Sauvage, France",Room,1,no,4,1.0,4.88,8.0,39.0,Agence COCOONR / BOOK&PAY,depuis 5 ans,Hauts-de-France,"nature, chaude, cabane"
168,appartement ," Denain, France",Room,1,no,2,1.0,4.98,121.0,139.0,Anthony,9 mois,Hauts-de-France,"propre, attention, grand"
169,hébergement ," La Garde, France",Room,1,no,2,1.0,5.0,59.0,67.0,William,5 mois,Auvergne-Rhône-Alpes,"déjeuner, studio, nature"
170,maison d'hôtes ," Sermaise, France",Room,1,no,2,1.0,4.75,161.0,40.0,Sylvie,depuis 3 ans,Pays de la Loire,"studio, calme, charme"
171,hébergement ," Mallièvre, France",Room,1,no,4,1.0,4.72,713.0,,Cindy Et Guillaume,depuis 7 ans,Pays de la Loire,"sauna, calme, propre"
172,appartement ," Rennes, France",Room,1,yes,2,1.0,4.85,48.0,109.0,Léa & Mélinda,depuis 3 ans,Bretagne,"chaude, studio, calme"
173,appartement ," Le Beausset, France",Room,1,yes,2,1.0,4.96,80.0,41.0,Astrid,,Provence-Alpes-Côte d'Azur,"propre, terrasse, parking"
174,hébergement ," Valenciennes, France",Room,1,no,2,1.0,4.86,160.0,99.0,Gaétan,depuis 2 ans,Hauts-de-France,"attention, propre, parc"
175,appartement ," Chartres, France",Room,1,no,2,1.0,4.78,378.0,95.0,Claudia,depuis 4 ans,Centre-Val de Loire,"propre, chaude, grand"
176,hébergement ," Valenciennes, France",Room,1,no,2,1.0,4.86,160.0,99.0,Gaétan,depuis 2 ans,Hauts-de-France,"attention, propre, parc"
177,hébergement ," Muhlbach-sur-Munster, France",Room,1,yes,4,1.0,4.96,53.0,81.0,Laurence,depuis 5 ans,Grand Est,"calme, confortable, propre"
178,Chambre privée dans : chambre d'hôtes ," Plélo, France",Room,1,no,2,1.0,4.95,658.0,31.0,Rachel,depuis 9 ans,Bretagne,"déjeuner, studio, propre"
179,chalet ," Sapois, France",Room,2,yes,6,1.0,4.98,148.0,83.0,Sebastien,depuis 9 ans,Grand Est,"vue, cabane, confortable"
180,chalet ," Les Rousses, France",Room,3,no,14,0.0,4.84,482.0,55.0,Maxime,depuis 8 ans,Bourgogne-Franche-Comté,"nature, vue, bois"
181,appartement ," Chartres, France",Room,1,no,2,1.0,4.98,57.0,144.0,Alexandre,depuis 5 ans,Centre-Val de Loire,"alexandre, calme, propre"
182,Grange ," Astugue, France",Room,1,yes,4,1.0,4.9,469.0,47.0,David,depuis 5 ans,Occitanie,"vue, calme, propre"
183,appartement ," Erstein, France",Room,1,yes,2,1.0,4.92,13.0,151.0,Black Room Spa,1 mois,Grand Est,"propre, retrouver, spacieux"
184,Péniche ," Plobsheim, France",Room,1,no,2,1.0,4.97,107.0,130.0,Florian,,Grand Est,"calme, remou, expérience"
185,suite ," Marais-Vernier, France",Room,1,yes,2,1.0,4.94,154.0,53.0,Monika,depuis 5 ans,Normandie,"piscine, calme, vue"
186,logement de vacances ," Six-Fours-les-Plages, France",Room,1,no,4,1.0,4.91,173.0,72.0,Raphaël,depuis 3 ans,Provence-Alpes-Côte d'Azur,"vue, plage, studio"
187,cottage ," Buxières-les-Mines, France",Room,2,yes,2,1.0,4.97,238.0,58.0,Martine,depuis 7 ans,Auvergne-Rhône-Alpes,"attention, calme, accueillante"
188,Tiny house ," Marais-Vernier, France",Room,1,yes,2,1.0,4.91,265.0,63.0,Monika,depuis 5 ans,Normandie,"piscine, vue, calme"
189,Tiny house ," Saint-Julien-le-Roux, France",Room,2,yes,3,1.0,4.98,106.0,83.0,Noémie,depuis 3 ans,Auvergne-Rhône-Alpes,"vue, nature, terrasse"
190,logement de vacances ," Six-Fours-les-Plages, France",Room,1,no,4,1.0,4.91,173.0,72.0,Raphaël,depuis 3 ans,Provence-Alpes-Côte d'Azur,"vue, plage, studio"
191,appartement ," Saint-Laurent-en-Grandvaux, France",Room,1,yes,2,1.0,4.9,30.0,40.0,Germain,6 mois,Bourgogne-Franche-Comté,"piscine, propre, calme"
192,hébergement ," Corrombles, France",Room,1,no,4,1.0,4.92,291.0,60.0,Linda,depuis 6 ans,Bourgogne-Franche-Comté,"calme, confortable, accueillante"
193,cottage ," Buxières-les-Mines, France",Room,2,yes,2,1.0,4.97,238.0,58.0,Martine,depuis 7 ans,Auvergne-Rhône-Alpes,"attention, calme, accueillante"
194,logement de vacances ," Miribel-les-Échelles, France",Room,1,no,4,1.0,4.99,73.0,72.0,Myriam,depuis 2 ans,Auvergne-Rhône-Alpes,"vue, accueillante, propre"
195,appartement ," Rouen, France",Room,1,yes,2,1.0,4.88,448.0,150.0,Stephanie,depuis 3 ans,Normandie,"propre, déjeuner, spa"
196,appartement ," Montlignon, France",Room,1,no,2,1.0,4.82,28.0,,Benjamin,depuis 10 ans,Île-de-France,"parking, confortable, calme"
197,chalet ," Canavaggia, France",Room,1,yes,2,1.0,4.88,65.0,45.0,Mélissa,depuis 2 ans,Corse,"vue, montagne, coucher"
198,appartement ," Roquebrune-Cap-Martin, France",Room,1,no,2,1.0,4.74,306.0,63.0,Nicolas,depuis 6 ans,Provence-Alpes-Côte d'Azur,"château, vue, terrasse"
199,hébergement ," La Chapelle-des-Pots, France",Room,1,no,4,1.0,4.94,417.0,41.0,Angélina,depuis 4 ans,Nouvelle-Aquitaine,"calme, propre, accueillante"
200,hébergement ," Bruniquel, France",Room,1,yes,4,1.0,4.97,74.0,87.0,Carine Et Willy,depuis 3 ans,Occitanie,"grand, propre, terrain"
201,appartement ," Rouen, France",Room,1,yes,2,1.0,4.96,81.0,148.0,Anthony,,Normandie,"sauna, propre, chaude"
202,chalet ," Saint-Michel-sur-Meurthe, France",Room,1,no,4,1.0,4.66,32.0,80.0,Vincent,depuis 4 ans,Grand Est,"vue, calme, chaude"
203,chalet ," Sainte-Agnés, France",Room,1,no,2,1.0,4.89,393.0,62.0,Rachel Et Aurélien,depuis 8 ans,Auvergne-Rhône-Alpes,"vue, montagne, calme"
204,maison de ville ," Fumel, France",Room,1,yes,2,1.0,4.78,,32.0,Jean Louis,depuis 6 ans,Nouvelle-Aquitaine,"accueillant, accueillante, aimable"
205,hébergement ," Les Pieux, France",Room,2,yes,4,1.0,4.98,81.0,70.0,Marie-Line,depuis 2 ans,Normandie,"vue, plage, terrasse"
206,hébergement ," Les Pieux, France",Room,2,yes,4,1.0,4.98,81.0,70.0,Marie-Line,depuis 2 ans,Normandie,"vue, plage, terrasse"
207,appartement ," Trouville-sur-Mer, France",Studio,0,no,2,1.0,,2.0,125.0,Jennifer,depuis 7 ans,Normandie,"accueillant, accueillante, aimable"
208,appartement ," La Penne, France",Room,1,no,2,1.0,4.96,94.0,104.0,Yannick,depuis 7 ans,Provence-Alpes-Côte d'Azur,"vue, montagne, studio"
209,suite ," Vernoux-en-Vivarais, France",Studio,0,no,2,1.0,4.98,127.0,83.0,Stéphanie Et Mylène,depuis 4 ans,Auvergne-Rhône-Alpes,"vue, déjeuner, calme"
210,appartement ," Nogent-sur-Seine, France",Studio,0,no,2,1.0,4.78,63.0,36.0,Anthony Et Deborah,depuis 2 ans,Grand Est,"studio, propre, calme"
211,appartement ," Laveline-devant-Bruyères, France",Room,1,yes,2,1.0,5.0,71.0,158.0,Jordan,6 mois,Grand Est,"propre, déjeuner, sauna"
212,appartement ," Reims, France",Room,1,no,2,1.0,,1.0,69.0,Pierre-Marie,5 mois,Grand Est,"accueillant, accueillante, aimable"
213,Cabane perchée ," Haulmé, France",Room,2,no,4,,4.86,315.0,140.0,Cabane Et Vallee,depuis 8 ans,Grand Est,"cabane, expérience, déjeuner"
214,Gîte à la ferme ," Tabanac, France",Room,2,no,4,1.0,4.95,42.0,49.0,François,depuis 7 ans,Nouvelle-Aquitaine,"château, vue, confortable"
215,maison d'hôtes ," La Croix-Blanche, France",Room,1,yes,2,1.0,4.96,470.0,105.0,Sophie,depuis 6 ans,Nouvelle-Aquitaine,"atypique, déjeuner, accueillante"
216,appartement ," Pins-Justaret, France",Room,1,yes,2,1.0,4.99,139.0,150.0,Émilie,depuis 2 ans,Occitanie,"déjeuner, copieux, décoration"
217,cottage ," Servance-Miellin, France",Room,2,yes,4,1.0,4.96,72.0,153.0,Hermine,depuis 8 ans,Bourgogne-Franche-Comté,"calme, nature, confortable"
218,appartement ," Avon, France",Studio,0,yes,2,1.0,4.9,240.0,136.0,Pascal,depuis 10 ans,Île-de-France,"expérience, propre, calme"
219,Gîte à la ferme ," LE PUECH, France",Room,1,yes,2,1.0,4.98,219.0,155.0,Julien,depuis 2 ans,Occitanie,"marine, déjeuner, nature"
220,appartement ," Boissy-l'Aillerie, France",Room,1,no,2,1.0,4.89,63.0,105.0,Arunthan,6 mois,Île-de-France,"propre, calme, cosy"
221,appartement ," Stosswihr, France",Room,1,yes,2,1.0,4.97,257.0,52.0,Anne Et Patrick,depuis 6 ans,Grand Est,"calme, cuisine, grand"
222,hébergement ," Pluherlin, France",Room,2,yes,4,1.0,4.87,402.0,,Francoise,depuis 8 ans,Bretagne,"accueillante, calme, propre"
223,cabane ," Saint-Julien, France",Room,1,yes,4,1.0,4.96,24.0,67.0,Ludwig,3 mois,Bourgogne-Franche-Comté,"animal, cabane, calme"
224,hébergement ," Mallièvre, France",Room,1,no,4,1.0,4.72,713.0,,Cindy Et Guillaume,depuis 7 ans,Pays de la Loire,"sauna, calme, propre"
225,appartement ," Annecy, France",Studio,0,no,2,1.0,4.78,421.0,120.0,Laura,depuis 10 ans,Auvergne-Rhône-Alpes,"propre, parking, attention"
226,appartement ," Nice, France",Room,1,yes,2,1.0,4.88,154.0,151.0,Olivia,depuis 4 ans,Provence-Alpes-Côte d'Azur,"romantique, propre, studio"
227,appartement ," Nemours, France",Studio,0,yes,2,2.0,4.93,60.0,130.0,Soria,depuis 5 ans,Île-de-France,"sauna, propre, attention"
228,appartement en résidence ," Deauville, France",Studio,0,yes,2,1.0,4.93,453.0,103.0,Frédérique,depuis 6 ans,Normandie,"studio, plage, propre"
229,appartement en résidence ," Carpentras, France",Room,1,yes,2,1.0,4.87,155.0,24.0,Laurence,depuis 4 ans,Provence-Alpes-Côte d'Azur,"calme, parking, propre"
230,hébergement ," Uriménil, France",Room,1,yes,2,1.0,4.92,48.0,99.0,Aline,depuis 2 ans,Grand Est,"calme, propre, grand"
231,maison de ville ," La Rivière-Saint-Sauveur, France",Room,1,no,2,1.0,4.84,144.0,150.0,Alexandre,,Normandie,"alexandre, propre, calme"
232,hébergement ," Saint-Imoges, France",Room,1,yes,4,1.0,4.87,1.0,60.0,Claude Et Toutoune,depuis 10 ans,Grand Est,"explorer, propre, attention"
233,appartement ," Mitry-Mory, France",Room,1,yes,2,1.0,5.0,12.0,222.0,Sweet Suites,1 mois,Île-de-France,"sauna, suite, propre"
234,villa ," Hauteville-sur-Mer, France",Room,2,yes,4,1.0,4.91,136.0,62.0,Gwénaëlle,depuis 6 ans,Normandie,"plage, terrasse, propre"
235,cabane ," Bain-de-Bretagne, France",Room,1,yes,2,1.0,4.9,40.0,59.0,Matthis,5 mois,Bretagne,"cabane, dépaysant, nature"
236,hébergement ," Saint-Amand-sur-Sèvre, France",Studio,0,no,3,1.0,4.78,147.0,,Cindy Et Guillaume,depuis 7 ans,Nouvelle-Aquitaine,"propre, gentil, spacieux"
237,cabane ," Bain-de-Bretagne, France",Room,1,yes,2,1.0,4.9,40.0,59.0,Matthis,5 mois,Bretagne,"cabane, dépaysant, nature"
238,hébergement ," Saint-Amand-sur-Sèvre, France",Studio,0,no,3,1.0,4.78,147.0,,Cindy Et Guillaume,depuis 7 ans,Nouvelle-Aquitaine,"propre, gentil, spacieux"
239,appartement ," Cluses, France",Studio,0,yes,2,1.0,4.96,243.0,55.0,Corine,depuis 7 ans,Auvergne-Rhône-Alpes,"accueillante, calme, propre"
240,cottage ," Cléguérec, France",Room,1,yes,5,1.0,5.0,53.0,61.0,Nicolas,depuis 2 ans,Bretagne,"calme, équipée, confortable"
241,appartement ," Nantes, France",Room,1,no,2,1.0,4.83,66.0,111.0,Adeline,5 mois,Pays de la Loire,"propre, parking, fenêtre"
242,hébergement ," Eppe-Sauvage, France",Room,1,no,4,1.0,5.0,7.0,39.0,Agence COCOONR / BOOK&PAY,depuis 5 ans,Hauts-de-France,"nature, chaude, tranquillité"
243,hébergement ," Saint-Jean-Saint-Maurice-sur-Loire, France",Room,1,yes,5,1.0,4.97,181.0,55.0,Arnaud,depuis 5 ans,Auvergne-Rhône-Alpes,"sauna, campagne, calme"
244,suite ," Fatouville-Grestain, France",Room,1,yes,2,1.0,5.0,183.0,55.0,Suzanne,depuis 4 ans,Normandie,"accueillante, attention, propre"
245,chalet ," Le Haut-Bréda, France",Room,2,yes,4,1.0,5.0,159.0,95.0,Catherine,depuis 5 ans,Auvergne-Rhône-Alpes,"attention, vue, grand"
246,chalet ," Quissac, France",Room,1,no,2,1.0,4.99,183.0,120.0,Vincent,depuis 4 ans,Occitanie,"calme, nature, plui"
247,Tiny house ," Uzemain, France",Room,1,yes,3,1.0,4.95,86.0,105.0,Homnest,depuis 3 ans,Grand Est,"nature, vue, calme"
248,Tiny house ," Plozévet, France",Room,2,no,4,1.0,4.97,203.0,60.0,Anne,depuis 10 ans,Bretagne,"bois, chaleureux, vue"
249,maison d'hôtes ," Montperreux, France",Room,1,yes,3,1.0,4.87,178.0,32.0,Nicolas,depuis 3 ans,Bourgogne-Franche-Comté,"cabane, vue, toilette"
250,Grange ," Greneville-en-Beauce, France",Room,1,no,4,1.0,4.97,58.0,106.0,Emilien,6 mois,Centre-Val de Loire,"propre, déjeuner, calme"
251,maison d'hôtes ," Aulnay-sous-Bois, France",Studio,0,no,2,1.0,4.76,62.0,41.0,Hicham,depuis 7 ans,Île-de-France,"studio, propre, calme"
252,appartement ," Dieppe, France",Studio,0,no,2,1.0,4.93,190.0,92.0,Chris,depuis 6 ans,Normandie,"romantique, plage, satisfaire"
253,loft ," Bouin, France",Room,2,no,5,1.0,4.98,345.0,80.0,Pauline,depuis 7 ans,Pays de la Loire,"grand, apporter, propre"
254,hébergement ," Issac, France",Room,3,no,6,1.0,4.94,52.0,79.0,Stéphanie,depuis 2 ans,Nouvelle-Aquitaine,"piscine, propre, accueillant"
255,hébergement ," Autoire, France",Room,2,no,5,1.0,4.97,61.0,,Emilie Et Julien,depuis 2 ans,Occitanie,"piscine, propre, calme"
256,hébergement ," Arné, France",Room,2,no,6,1.0,5.0,7.0,105.0,Fatima Et Jean Pierre,,Occitanie,"piscine, propre, accueillant"
257,hébergement ," Vielle-Saint-Girons, France",Room,3,no,6,2.0,5.0,22.0,179.0,Marylene,depuis 7 ans,Nouvelle-Aquitaine,"plage, spa, équipée"
258,chalet ," Saint-Christophe, France",Room,3,no,9,2.0,4.9,142.0,112.0,Francis,depuis 4 ans,Auvergne-Rhône-Alpes,"piscine, bois, nature"
259,hébergement ," Asson, France",Room,2,no,6,2.0,4.99,105.0,174.0,Laurent,depuis 7 ans,Nouvelle-Aquitaine,"vue, montagne, grand"
260,hébergement ," Les Epesses, France",Room,2,no,6,2.0,4.91,273.0,70.0,Aurélien Et Claudie,depuis 8 ans,Pays de la Loire,"parc, calme, campagne"
261,hébergement ," Drumettaz-Clarafond, France",Room,3,no,6,1.0,4.94,582.0,75.0,Hélène,depuis 10 ans,Auvergne-Rhône-Alpes,"hélène, calme, équipée"
262,appartement ," Saint-Mandrier-sur-Mer, France",Room,1,no,6,1.0,5.0,5.0,36.0,Alexandre,1 mois,Provence-Alpes-Côte d'Azur,"alexandre, vue, disponibilité"
263,hébergement ," Le Mas-d'Azil, France",Room,3,no,5,1.0,4.98,202.0,91.0,Dominique,depuis 12 ans,Occitanie,"piscine, sauna, nature"
264,chalet ," Blanquefort-sur-Briolance, France",Room,3,yes,6,1.0,4.87,15.0,90.0,Karine,7 mois,Nouvelle-Aquitaine,"piscine, nature, calme"
265,hébergement ," Fontaine-sur-Ay, France",Room,2,no,5,1.0,4.9,686.0,80.0,Frédérique & Timour,depuis 7 ans,Grand Est,"confortable, calme, cuisine"
266,hébergement ," Peyrilhac, France",Room,5,no,8,1.0,4.95,229.0,95.0,Benoît,depuis 3 ans,Nouvelle-Aquitaine,"calme, propre, grand"
267,maison de ville ," Fère-en-Tardenois, France",Room,2,no,6,1.0,4.89,56.0,65.0,Laurène,6 mois,Hauts-de-France,"parking, confortable, spacieux"
268,Château ," Belleherbe, France",Room,3,no,5,1.0,4.66,597.0,44.0,José,depuis 10 ans,Bourgogne-Franche-Comté,"unique, expérience, atypique"
269,appartement ," Tréguidel, France",Room,2,no,5,1.0,4.86,175.0,38.0,Valérie,depuis 8 ans,Bretagne,"calme, campagne, équipée"
270,hébergement ," Neuville-de-Poitou, France",Room,3,no,7,1.0,4.97,39.0,80.0,Julien,5 mois,Nouvelle-Aquitaine,"calme, propre, équipée"
271,hébergement ," Huisseau-sur-Cosson, France",Room,3,no,6,1.0,4.92,122.0,66.0,Murielle,depuis 3 ans,Centre-Val de Loire,"château, propre, gentillesse"
272,hébergement ," Cornimont, France",Room,3,no,5,1.0,,2.0,118.0,Agence COCOONR / BOOK&PAY,depuis 5 ans,Grand Est,"dépaysant, ambiance, calme"
273,hébergement ," Puyméras, France",Room,3,no,6,3.0,5.0,20.0,90.0,Chloé,depuis 7 ans,Provence-Alpes-Côte d'Azur,"calme, piscine, nature"
274,hébergement ," Chézery-Forens, France",Room,2,no,8,2.0,,1.0,74.0,Anthony,depuis 7 ans,Auvergne-Rhône-Alpes,"accueillant, accueillante, aimable"
275,hébergement ," Puyméras, France",Room,3,no,6,3.0,5.0,20.0,90.0,Chloé,depuis 7 ans,Provence-Alpes-Côte d'Azur,"calme, piscine, nature"
276,hébergement ," Plouëc-du-Trieux, France",Room,3,no,7,1.0,4.7,23.0,,Aurélien,depuis 5 ans,Bretagne,"calme, environnement, spacieux"
277,hébergement ," Friville-Escarbotin, France",Room,3,no,8,1.0,4.96,52.0,70.0,Linsay Stephane,,Hauts-de-France,"propre, grand, calme"
278,chalet ," Les Poulières, France",Room,2,no,7,1.0,4.99,107.0,95.0,Lizabete,depuis 3 ans,Grand Est,"spa, propre, accueillante"
279,hébergement ," Guérande, France",Room,3,no,6,1.0,4.87,293.0,61.0,Lise-Marie Et François,depuis 5 ans,Pays de la Loire,"calme, propre, extérieur"
280,hébergement ," Hautevesnes, France",Room,2,no,5,1.0,4.9,94.0,95.0,Manon,depuis 3 ans,Hauts-de-France,"piscine, cuisine, équipée"
281,hébergement ," Les Herbiers, France",Room,3,no,5,1.0,4.76,100.0,65.0,Felipe&Elise,depuis 4 ans,Pays de la Loire,"propre, grand, parc"
282,hébergement ," Béthisy-Saint-Pierre, France",Room,3,no,5,2.0,4.93,44.0,80.0,Matthieu,10 mois,Hauts-de-France,"parc, propre, grand"
283,hébergement ," Plévenon, France",Room,3,no,6,1.0,4.98,98.0,155.0,Loïc,depuis 6 ans,Bretagne,"plage, cuisine, vue"
284,appartement ," Wintzenheim, France",Room,2,no,6,1.0,5.0,8.0,80.0,Jessica Et Aurélien,1 mois,Grand Est,"gentillesse, décoration, attention"
285,chalet ," Oléac-Débat, France",Room,2,no,5,1.0,4.99,180.0,150.0,Gaelle,depuis 2 ans,Occitanie,"terrasse, propre, spa"
286,hébergement ," Ferrières-en-Gâtinais, France",Room,2,no,6,1.0,4.97,32.0,100.0,Magalie,7 mois,Centre-Val de Loire,"propre, attention, calme"
287,hébergement ," Journans, France",Room,3,no,6,1.0,4.93,59.0,106.0,Chalet Journans,,Auvergne-Rhône-Alpes,"vue, propre, environnement"
288,chalet ," Sainte-Suzanne, France",Room,3,no,5,1.0,4.78,227.0,59.0,Jacky,depuis 10 ans,Bourgogne-Franche-Comté,"nature, bois, calme"
289,hébergement ," Treux, France",Room,3,no,7,1.0,4.85,78.0,78.0,Isabelle,depuis 2 ans,Hauts-de-France,"spacieux, propre, confortable"
290,appartement ," Dunkerque, France",Room,2,no,6,2.0,4.89,141.0,64.0,Felicite,depuis 5 ans,Hauts-de-France,"plage, propre, nickel"
291,appartement ," Saint-Sozy, France",Room,2,no,6,1.0,4.97,110.0,62.0,Sébastien,depuis 3 ans,Occitanie,"piscine, propre, barbecue"
292,chalet ," Los Masos, France",Room,1,no,5,1.0,4.88,153.0,55.0,Eric,depuis 11 ans,Occitanie,"cabane, piscine, calme"
293,hébergement ," Vicq, France",Room,3,no,6,2.0,4.93,30.0,95.0,Adélaïde,7 mois,Hauts-de-France,"spacieux, calme, campagne"
294,appartement ," Saulzais-le-Potier, France",Room,3,no,6,1.0,4.95,524.0,70.0,Karine,depuis 4 ans,Centre-Val de Loire,"propre, spacieux, calme"
295,chalet ," Los Masos, France",Room,1,no,5,1.0,4.88,153.0,55.0,Eric,depuis 11 ans,Occitanie,"cabane, piscine, calme"
296,hébergement ," Montigny-sur-l'Ain, France",Room,2,no,5,1.0,4.96,216.0,62.0,Caro&Eric,depuis 6 ans,Bourgogne-Franche-Comté,"calme, vue, propre"
297,hébergement ," Gioux, France",Room,3,no,6,1.0,5.0,19.0,85.0,Kathelijne,10 mois,Nouvelle-Aquitaine,"piscine, accueillante, déjeuner"
298,cottage ," Maretz, France",Room,2,no,6,1.0,4.86,108.0,68.0,Christelle,depuis 2 ans,Hauts-de-France,"accueillante, confortable, équipée"
299,hébergement ," Clémont, France",Room,2,no,6,1.0,4.98,269.0,52.0,Pierre,depuis 5 ans,Centre-Val de Loire,"propre, grand, extérieur"
300,villa ," Bédoin, France",Room,3,no,7,1.0,4.98,60.0,100.0,Lionel,depuis 2 ans,Provence-Alpes-Côte d'Azur,"piscine, mont, équipée"
301,cabane ," Tournavaux, France",Room,2,no,5,,4.86,64.0,172.0,Johann,,Grand Est,"cabane, déjeuner, confortable"
302,hébergement ," Précey, France",Room,3,no,7,2.0,4.96,162.0,81.0,Aymeric,depuis 3 ans,Normandie,"mont, spacieux, campagne"
303,hébergement ," La Salvetat-Peyralès, France",Room,3,no,5,1.0,4.82,61.0,60.0,Marie Claude,depuis 10 ans,Occitanie,"calme, campagne, spa"
304,hébergement ," Vire-Normandie, France",Room,2,no,5,1.0,4.84,146.0,67.0,Magalie,depuis 2 ans,Normandie,"propre, calme, déjeuner"
305,maison de ville ," Honfleur, France",Room,3,no,6,1.0,4.84,258.0,142.0,Francois,depuis 10 ans,Normandie,"parking, restaurant, confortable"
306,hébergement ," Les Salelles, France",Room,3,no,6,1.0,5.0,41.0,115.0,Steve,depuis 3 ans,Auvergne-Rhône-Alpes,"piscine, accueillant, calme"
307,hébergement ," Saint-Martin-la-Pallu, France",Room,2,no,6,1.0,4.91,212.0,70.0,Helene,depuis 2 ans,Nouvelle-Aquitaine,"hélène, accueillante, propre"
308,hébergement ," Alluy, France",Room,2,no,5,1.0,4.91,74.0,80.0,Jan,depuis 2 ans,Bourgogne-Franche-Comté,"piscine, propre, calme"
309,suite ," Verton, France",Room,2,no,6,1.0,4.95,155.0,88.0,Celine,depuis 2 ans,Hauts-de-France,"propre, plage, calme"
310,hébergement ," Alluy, France",Room,2,no,5,1.0,4.91,74.0,80.0,Jan,depuis 2 ans,Bourgogne-Franche-Comté,"piscine, propre, calme"
311,suite ," Verton, France",Room,2,no,6,1.0,4.95,155.0,88.0,Celine,depuis 2 ans,Hauts-de-France,"propre, plage, calme"
312,hébergement ," La Boissière-École, France",Room,4,no,8,4.0,4.99,67.0,265.0,Aurélie,,Île-de-France,"spa, grand, piscine"
313,hébergement ," La Hague, France",Room,2,no,6,1.0,5.0,49.0,85.0,Sandra,11 mois,Normandie,"propre, terrasse, plage"
314,hébergement ," Le Pertuis, France",Room,3,no,5,1.0,4.89,96.0,51.0,Elodie,depuis 3 ans,Auvergne-Rhône-Alpes,"calme, grand, accueillante"
315,hébergement ," Marle, France",Room,3,no,9,1.0,4.86,164.0,68.0,Stephanie,depuis 2 ans,Hauts-de-France,"spacieux, équipée, qualité"
316,appartement ," Saint-Sozy, France",Room,2,no,6,1.0,4.97,90.0,62.0,Sébastien,depuis 3 ans,Occitanie,"piscine, propre, calme"
317,hébergement ," Arlay, France",Room,2,no,6,1.0,4.92,184.0,73.0,François,depuis 2 ans,Bourgogne-Franche-Comté,"propre, spacieux, amical"
318,hébergement ," Loctudy, France",Room,3,no,6,2.0,4.98,52.0,110.0,Yann,depuis 4 ans,Bretagne,"plage, équipée, calme"
319,appartement ," La Bresse, France",Room,2,no,6,1.0,4.92,13.0,306.0,Sarl,depuis 2 ans,Grand Est,"terrasse, vue, spacieux"
320,hébergement ," Pleumeur-Bodou, France",Room,3,no,6,2.0,4.96,45.0,120.0,Fred,depuis 4 ans,Bretagne,"plage, équipée, grand"
321,hébergement ," Chesnois-Auboncourt, France",Room,3,no,6,1.0,4.85,100.0,82.0,Juliette,depuis 3 ans,Grand Est,"calme, confortable, promenade"
322,hébergement ," Auxi-le-Château, France",Room,2,no,6,1.0,4.83,18.0,107.0,Delphine,6 mois,Hauts-de-France,"spacieux, grand, calme"
323,hébergement ," Eu, France",Room,2,no,5,1.0,4.85,147.0,77.0,Pauline,depuis 6 ans,Normandie,"calme, vue, jeune"
324,chalet ," Xonrupt-Longemer, France",Room,1,no,5,1.0,4.93,122.0,80.0,Jules Et Marie,depuis 2 ans,Grand Est,"gentil, calme, vue"
325,hébergement ," Tichey, France",Room,2,no,5,1.0,5.0,58.0,108.0,Anne-Lise Et Michaël,8 mois,Bourgogne-Franche-Comté,"piscine, propre, attention"
326,hébergement ," Dampmart, France",Room,3,no,7,1.0,4.88,136.0,141.0,Alexandre Et Gwladys,depuis 11 ans,Île-de-France,"piscine, alexandre, propre"
327,hébergement ," Romorantin-Lanthenay, France",Room,3,no,6,2.0,4.96,246.0,92.0,Sabrina,depuis 6 ans,Centre-Val de Loire,"spacieux, propre, grand"
328,chalet ," Cherier, France",Room,2,no,5,1.0,5.0,23.0,80.0,Dominique,8 mois,Auvergne-Rhône-Alpes,"vue, nature, environnement"
329,hébergement ," Le Mans, France",Room,2,no,6,1.0,4.81,491.0,76.0,Cecile,depuis 3 ans,Pays de la Loire,"propre, calme, parking"
330,hébergement ," Thourie, France",Room,2,no,5,1.0,5.0,13.0,50.0,Anne,5 mois,Bretagne,"campagne, calme, propre"
331,hébergement ," Ludesse, France",Room,3,no,6,2.0,4.95,21.0,45.0,Frédérique,7 mois,Auvergne-Rhône-Alpes,"calme, confortable, propre"
332,Cabane perchée ," Ratières, France",Room,2,no,7,1.0,4.97,285.0,,Jordane,depuis 9 ans,Auvergne-Rhône-Alpes,"cabane, piscine, calme"
333,maison d'hôtes ," Ozan, France",Room,2,yes,6,1.0,4.94,556.0,90.0,Yvette,depuis 5 ans,Auvergne-Rhône-Alpes,"espace, spacieux, grand"
334,hébergement ," Nortkerque, France",Room,3,no,6,1.0,4.98,113.0,79.0,Véronique,,Hauts-de-France,"grand, attention, propre"
335,cottage ," Dolaincourt, France",Room,2,no,5,1.0,4.87,94.0,56.0,Marie,depuis 3 ans,Grand Est,"calme, accueillante, animal"
336,Gîte à la ferme ," Beaufay, France",Room,2,no,6,1.0,4.71,616.0,55.0,Benoit,depuis 8 ans,Pays de la Loire,"calme, campagne, environnement"
337,chalet ," Neubois, France",Room,3,no,6,1.0,4.88,286.0,96.0,Fanny,depuis 11 ans,Grand Est,"cosy, déjeuner, copieux"
338,appartement ," Challes, France",Room,1,no,6,1.0,4.94,298.0,79.0,Joël,depuis 6 ans,Pays de la Loire,"piscine, déjeuner, accueillant"
339,chalet ," Le Menil, France",Room,2,no,5,1.0,4.91,131.0,138.0,Yves,depuis 9 ans,Grand Est,"sauna, spa, calme"
340,hébergement ," Saint-Michel-en-Brenne, France",Room,2,no,5,1.0,4.85,92.0,46.0,Nadine,depuis 3 ans,Centre-Val de Loire,"calme, grand, qualité"
341,loft ," Ménil-Hubert-sur-Orne, France",Room,1,no,5,1.0,4.79,515.0,75.0,Martine,depuis 6 ans,Normandie,"atypique, calme, vue"
342,hébergement ," Rogna, France",Room,2,no,5,1.0,4.98,48.0,74.0,Jessica Et Pascal,depuis 2 ans,Bourgogne-Franche-Comté,"accueillant, calme, bois"
343,hébergement ," Saint-Michel-en-Brenne, France",Room,2,no,5,1.0,4.85,92.0,46.0,Nadine,depuis 3 ans,Centre-Val de Loire,"calme, grand, qualité"
344,loft ," Ménil-Hubert-sur-Orne, France",Room,1,no,5,1.0,4.79,515.0,75.0,Martine,depuis 6 ans,Normandie,"atypique, calme, vue"
345,hébergement ," Beaufort-Orbagna, France",Room,2,no,6,1.0,4.84,96.0,60.0,Charlotte Virginie,10 mois,Bourgogne-Franche-Comté,"spacieux, propre, calme"
346,appartement ," Olmeto, France",Room,2,no,6,1.0,4.91,342.0,63.0,Claire,depuis 7 ans,Corse,"plage, accueillante, remerci"
347,hébergement ," Vandenesse-en-Auxois, France",Room,2,no,6,1.0,4.92,216.0,86.0,Blandine,depuis 7 ans,Bourgogne-Franche-Comté,"déjeuner, propre, accueillante"
348,hébergement ," Dinéault, France",Room,2,no,7,2.0,4.99,211.0,72.0,Stéphanie,depuis 3 ans,Bretagne,"vue, spacieux, grand"
349,maison d'hôtes ," Haut-du-Them-Château-Lambert, France",Room,2,no,5,1.0,4.89,287.0,70.0,Aurélien,depuis 6 ans,Bourgogne-Franche-Comté,"calme, propre, vue"
350,hébergement ," Marle, France",Room,3,yes,9,1.0,4.86,164.0,69.0,Stephanie,depuis 2 ans,Hauts-de-France,"chaude, spacieux, propre"
351,hébergement ," Locqueltas, France",Room,2,yes,5,1.0,4.96,209.0,47.0,Alain,depuis 4 ans,Bretagne,"calme, propre, environnement"
352,hébergement ," Sainte-Anne-sur-Brivet, France",Room,2,yes,6,1.0,4.98,198.0,80.0,Joanna,depuis 4 ans,Pays de la Loire,"propre, bois, environnement"
353,hébergement ," Pont-Hébert, France",Room,2,no,6,1.0,4.82,154.0,58.0,Melinda,depuis 3 ans,Normandie,"propre, calme, plage"
354,hébergement ," Barbières, France",Room,2,no,5,1.0,4.96,75.0,77.0,Anthony,,Auvergne-Rhône-Alpes,"nature, calme, propre"
355,appartement ," Coupvray, France",Room,3,yes,6,1.0,5.0,29.0,125.0,Julien,9 mois,Île-de-France,"parc, propre, confortable"
356,Gîte à la ferme ," Chalautre-la-Petite, France",Room,1,no,5,1.0,5.0,62.0,88.0,Caroline,depuis 4 ans,Île-de-France,"animal, cabane, décoration"
357,hébergement ," Le Plessis-Robinson, France",Room,3,no,5,1.0,4.93,14.0,111.0,David,depuis 8 ans,Île-de-France,"calme, propre, début"
358,chalet ," Le Dévoluy, France",Room,3,yes,5,1.0,4.97,73.0,90.0,Lionnel,depuis 8 ans,Provence-Alpes-Côte d'Azur,"calme, propre, vue"
359,hébergement ," Hautevesnes, France",Room,2,no,5,1.0,4.9,94.0,100.0,Manon,depuis 3 ans,Hauts-de-France,"piscine, cuisine, équipée"
360,hébergement ," L' Hôpital, France",Room,1,yes,5,1.0,4.91,79.0,62.0,Sabrina,8 mois,Grand Est,"propre, spacieux, grand"
361,chalet ," Saint-Jean-du-Pin, France",Room,3,no,5,2.0,4.96,354.0,155.0,Regis,depuis 6 ans,Occitanie,"sauna, piscine, calme"
362,hébergement ," La Chapelle-de-Guinchay, France",Room,2,no,6,1.0,4.91,79.0,79.0,Laura,depuis 4 ans,Bourgogne-Franche-Comté,"déjeuner, accueillante, propre"
363,hébergement ," Verneusses, France",Room,2,yes,6,1.0,4.96,68.0,118.0,Ingrid,depuis 8 ans,Normandie,"bois, accueillante, déjeuner"
364,appartement ," Villemomble, France",Room,2,yes,6,1.0,4.96,23.0,155.0,Estelle Hulya,2 mois,Île-de-France,"propre, expérience, escapad"
365,hébergement ," Rieulay, France",Room,3,yes,6,2.0,4.9,10.0,120.0,Mathieu,depuis 6 ans,Hauts-de-France,"propre, froid, promenade"
366,chalet ," Oléac-Débat, France",Room,2,yes,5,1.0,4.99,180.0,150.0,Gaelle,depuis 2 ans,Occitanie,"terrasse, propre, spa"
367,hébergement ," Saint-Vit, France",Room,3,yes,6,1.0,5.0,21.0,80.0,Danielle,11 mois,Bourgogne-Franche-Comté,"propre, spacieux, accueillante"
368,appartement ," Saint-Sozy, France",Room,2,yes,6,1.0,4.97,110.0,62.0,Sébastien,depuis 3 ans,Occitanie,"piscine, propre, barbecue"
369,hébergement ," Mainneville, France",Room,4,yes,10,2.0,4.88,43.0,207.0,Stephane,,Normandie,"piscine, équipée, parc"
370,chalet ," Ban-sur-Meurthe-Clefcy, France",Room,2,no,5,1.0,4.96,52.0,66.0,Aurore,depuis 3 ans,Grand Est,"calme, propre, nature"
371,maison d'hôtes ," Ozan, France",Room,2,yes,6,1.0,4.94,558.0,90.0,Yvette,depuis 5 ans,Auvergne-Rhône-Alpes,"spacieux, propre, espace"
372,villa ," Bédoin, France",Room,3,yes,7,1.0,4.98,60.0,102.0,Lionel,depuis 2 ans,Provence-Alpes-Côte d'Azur,"piscine, mont, équipée"
373,chalet ," Pers-Jussy, France",Room,2,yes,6,2.0,4.95,111.0,70.0,Anne Et Didier,depuis 5 ans,Auvergne-Rhône-Alpes,"spacieux, nature, calme"
374,suite ," Champanges, France",Room,2,no,5,1.0,4.96,231.0,97.0,Marie,depuis 5 ans,Auvergne-Rhône-Alpes,"accueillante, vue, propre"
375,hébergement ," Surtainville, France",Room,2,yes,5,1.0,4.87,76.0,46.0,Olivier,depuis 3 ans,Normandie,"plage, calme, propre"
376,hébergement ," Pierre-Percée, France",Room,2,no,6,1.0,4.47,34.0,68.0,Manon,,Grand Est,"calme, chauffage, froid"
377,chalet ," Los Masos, France",Room,1,no,5,1.0,4.88,155.0,55.0,Eric,depuis 11 ans,Occitanie,"cabane, bois, calme"
378,hébergement ," Vouneuil-sur-Vienne, France",Room,3,yes,6,2.0,4.93,113.0,72.0,Arlette Et Dominique,depuis 2 ans,Nouvelle-Aquitaine,"accueillant, vue, propre"
379,hébergement ," Ludesse, France",Room,2,no,6,1.0,4.91,32.0,48.0,Elodie,11 mois,Auvergne-Rhône-Alpes,"bois, accueillant, gens"
380,hébergement ," Béthisy-Saint-Pierre, France",Room,3,yes,5,2.0,4.93,45.0,80.0,Matthieu,10 mois,Hauts-de-France,"parc, propre, grand"
381,hébergement ," Verneuil d'Avre et d'Iton, France",Room,3,no,6,1.0,4.9,39.0,106.0,Agence COCOONR / BOOK&PAY,depuis 5 ans,Normandie,"campagne, jeune, grand"
382,appartement ," Saint-Sozy, France",Room,2,yes,6,1.0,4.97,90.0,62.0,Sébastien,depuis 3 ans,Occitanie,"piscine, propre, calme"
383,hébergement ," Bréville-les-Monts, France",Room,2,yes,6,1.0,4.9,49.0,205.0,Marion,depuis 3 ans,Normandie,"piscine, vue, accueillante"
384,hébergement ," Villegouin , France",Room,2,no,5,1.0,4.88,129.0,52.0,Jean-Frédéric,,Centre-Val de Loire,"propre, calme, château"
385,hébergement ," Villentrois-Faverolles-en-Berry, France",Room,3,no,6,1.0,4.83,289.0,40.0,Franck,depuis 4 ans,Centre-Val de Loire,"propre, bois, château"
386,hébergement ," Badecon-le-Pin, France",Room,1,yes,5,1.0,4.91,205.0,43.0,Agnès Et Alexandre,depuis 2 ans,Centre-Val de Loire,"propre, calme, alexandre"
387,hébergement ," Le Mans, France",Room,2,no,6,1.0,4.81,491.0,76.0,Cecile,depuis 3 ans,Pays de la Loire,"propre, calme, parking"
388,hébergement ," Vareilles, France",Room,3,yes,7,1.0,4.99,77.0,115.0,Bruno,depuis 4 ans,Bourgogne-Franche-Comté,"piscine, accueillant, calme"
389,appartement ," Saint-Mandrier-sur-Mer, France",Room,1,no,6,1.0,4.83,6.0,36.0,Alexandre,1 mois,Provence-Alpes-Côte d'Azur,"alexandre, vue, disponibilité"
390,appartement ," Château-Thierry, France",Room,2,yes,5,1.0,4.97,32.0,69.0,Julie,7 mois,Hauts-de-France,"propre, spacieux, grand"
391,hébergement ," Cholet, France",Room,3,no,6,1.0,5.0,49.0,90.0,Kevin,6 mois,Pays de la Loire,"propre, déjeuner, confortable"
392,hébergement ," Bellevesvre, France",Room,3,no,6,2.0,4.87,494.0,179.0,Dak,depuis 6 ans,Bourgogne-Franche-Comté,"piscine, grand, gentil"
393,hébergement ," Moliets-et-Maa, France",Room,3,no,6,1.0,4.95,56.0,100.0,Dorian,depuis 3 ans,Nouvelle-Aquitaine,"plage, piscine, cuisine"
394,hébergement ," Asson, France",Room,2,yes,6,2.0,4.99,105.0,174.0,Laurent,depuis 7 ans,Nouvelle-Aquitaine,"vue, montagne, grand"
395,maison d'hôtes ," Castelnau-Durban, France",Studio,0,no,5,1.0,4.97,304.0,78.0,Lieve,depuis 9 ans,Occitanie,"nature, montagne, vue"
396,hébergement ," Les Terres-de-Chaux, France",Room,3,yes,8,1.0,4.82,22.0,65.0,Sandrine,5 mois,Bourgogne-Franche-Comté,"spacieux, campagne, propre"
397,maison de ville ," Fère-en-Tardenois, France",Room,2,yes,6,1.0,4.89,56.0,65.0,Laurène,6 mois,Hauts-de-France,"parking, confortable, spacieux"
398,cottage ," Saint-Vincent-du-Lorouër, France",Room,2,yes,6,1.0,4.94,283.0,61.0,Abdel Ilah,depuis 3 ans,Pays de la Loire,"confortable, calme, cuisine"
399,hébergement ," Peyrilhac, France",Room,5,no,8,1.0,4.95,230.0,95.0,Benoît,depuis 3 ans,Nouvelle-Aquitaine,"calme, propre, grand"
400,maison de ville ," Honfleur, France",Room,3,yes,6,1.0,4.85,259.0,129.0,Francois,depuis 10 ans,Normandie,"parking, restaurant, cuisine"
401,maison de ville ," Arnage, France",Room,2,yes,6,1.0,4.91,320.0,76.0,Pauline,depuis 2 ans,Pays de la Loire,"propre, calme, fenêtre"
402,hébergement ," Moirans-en-Montagne, France",Room,2,no,6,1.0,4.78,259.0,76.0,Chafic,depuis 4 ans,Bourgogne-Franche-Comté,"propre, calme, confortable"
403,appartement ," Baudinard-sur-Verdon, France",Room,3,yes,7,2.0,4.98,60.0,109.0,Danielle,depuis 6 ans,Provence-Alpes-Côte d'Azur,"confortable, grand, piscine"
404,hébergement ," Monay, France",Room,2,no,5,1.0,4.92,48.0,80.0,Cedric,,Bourgogne-Franche-Comté,"propre, calme, jeune"
405,hébergement ," Émanville, France",Room,8,no,15,3.0,4.94,32.0,151.0,Le Domaine D'Emanville,depuis 3 ans,Normandie,"piscine, grand, spacieux"
406,hébergement ," Moulle, France",Room,2,yes,8,1.0,4.98,120.0,100.0,Camille Et Rémi,depuis 2 ans,Hauts-de-France,"propre, confortable, accueillant"
407,cottage ," Mesnil-Saint-Père, France",Room,2,yes,5,1.0,4.93,60.0,79.0,Georges,depuis 5 ans,Grand Est,"vue, propre, plage"
408,hébergement ," Autoire, France",Room,2,no,5,1.0,4.97,61.0,64.0,Emilie Et Julien,depuis 2 ans,Occitanie,"piscine, propre, calme"
409,hébergement ," Sore, France",Room,2,yes,5,1.0,4.98,177.0,77.0,Fabienne Et Jean-Noel,depuis 12 ans,Nouvelle-Aquitaine,"parc, piscine, calme"
410,hébergement ," Barésia-sur-l'Ain, France",Room,2,no,5,1.0,5.0,32.0,92.0,Émilie Et Damien,11 mois,Bourgogne-Franche-Comté,"vue, terrasse, équipée"
411,Cabane perchée ," Le Passage, France",Room,1,yes,2,1.0,5.0,79.0,65.0,Jeremie,depuis 6 ans,Auvergne-Rhône-Alpes,"cabane, vue, terrasse"
412,Tiny house ," Istres, France",Unknown,0,yes,3,1.0,5.0,73.0,86.0,Elodie,8 mois,Provence-Alpes-Côte d'Azur,"vue, terrasse, studio"
413,Grotte ," Amboise, France",Room,1,yes,2,1.0,4.99,183.0,163.0,Cyril,,Centre-Val de Loire,"atypique, déjeuner, expérience"
414,cabane ," Germs-sur-l'Oussouet, France",Room,1,yes,2,1.0,4.98,183.0,190.0,Danielle & Serge,depuis 5 ans,Occitanie,"cabane, vue, idyllique"
415,Cabane de berger ," Saint-Nabord, France",Unknown,0,no,2,1.0,4.88,259.0,71.0,Delphine Et Quentin,depuis 8 ans,Grand Est,"cabane, calme, nature"
416,Gîte à la ferme ," LE PUECH, France",Room,1,yes,2,1.0,4.98,219.0,155.0,Julien,depuis 2 ans,Occitanie,"marine, déjeuner, nature"
417,hébergement ," La Garde, France",Room,1,no,2,1.0,5.0,59.0,67.0,William,5 mois,Auvergne-Rhône-Alpes,"déjeuner, studio, nature"
418,Tiny house ," Quistinic, France",Room,1,yes,3,1.0,4.99,145.0,51.0,Sarah,depuis 2 ans,Bretagne,"nature, attention, calme"
419,Dôme ," Veynes, France",Room,1,yes,2,1.0,5.0,45.0,196.0,Xavier,depuis 4 ans,Provence-Alpes-Côte d'Azur,"bulle, expérience, propre"
420,Dôme ," Gouvieux, France",Room,1,yes,2,1.0,4.89,85.0,170.0,Benjamin,5 mois,Hauts-de-France,"bulle, expérience, chauffage"
421,chalet ," Longpré-les-Corps-Saints, France",Room,1,yes,4,1.0,4.97,62.0,160.0,Leslie,7 mois,Hauts-de-France,"calme, spa, propre"
422,appartement ," Besançon, France",Room,1,yes,2,1.0,4.96,110.0,77.0,Gaétan,,Bourgogne-Franche-Comté,"propre, spa, calme"
423,appartement ," Dijon, France",Room,1,yes,2,1.0,4.97,151.0,156.0,Olivier,10 mois,Bourgogne-Franche-Comté,"suite, atypique, propre"
424,Cabane perchée ," Berrias-et-Casteljau, France",Room,1,yes,2,1.0,4.98,198.0,115.0,Pauline,depuis 2 ans,Auvergne-Rhône-Alpes,"cabane, atypique, nature"
425,Cabane perchée ," Friaize, France",Room,1,yes,2,1.0,5.0,293.0,177.0,Jean Philippe,depuis 7 ans,Centre-Val de Loire,"cabane, déjeuner, copieux"
426,Dôme ," Grundviller, France",Room,1,no,2,1.0,5.0,21.0,190.0,"Le Domaine Des Pins, Grundviller",3 mois,Grand Est,"déjeuner, vue, remou"
427,Cabane perchée ," Duclair, France",Room,1,no,4,1.0,4.68,454.0,85.0,Remy,depuis 3 ans,Normandie,"cabane, expérience, nature"
428,chalet ," Canavaggia, France",Room,1,yes,2,1.0,4.88,65.0,45.0,Mélissa,depuis 2 ans,Corse,"vue, montagne, coucher"
429,Logement entier ," Serraval, France",Room,1,yes,2,1.0,5.0,76.0,110.0,Carine Et Sylvain,,Auvergne-Rhône-Alpes,"vue, montagne, calme"
430,appartement ," Bourg-en-Bresse, France",Room,1,yes,2,1.0,5.0,20.0,104.0,Christine,1 mois,Auvergne-Rhône-Alpes,"grand, propre, restaurant"
431,Tiny house ," Uzemain, France",Room,1,no,3,1.0,4.95,86.0,105.0,Homnest,depuis 3 ans,Grand Est,"nature, vue, calme"
432,Cabane perchée ," Weyersheim, France",Room,1,yes,2,1.0,4.9,70.0,174.0,Jennifer Et Eric,depuis 3 ans,Grand Est,"cabane, chauffage, animal"
433,maison de ville ," Fougères, France",Studio,0,yes,2,1.0,4.97,416.0,118.0,Cindy,depuis 4 ans,Bretagne,"château, romantique, propre"
434,hébergement ," La Sauvetat, France",Room,1,yes,4,1.0,5.0,10.0,75.0,Lucie,2 mois,Occitanie,"attention, atypique, marché"
435,appartement ," Mondragon, France",Room,1,yes,4,1.0,5.0,37.0,192.0,Fabien,6 mois,Provence-Alpes-Côte d'Azur,"piscine, spa, propre"
436,Tiny house ," Saint-Hilaire-de-Riez, France",Unknown,0,no,2,1.0,4.95,452.0,81.0,Françoise Et Philippe,depuis 5 ans,Pays de la Loire,"plage, accueillante, spa"
437,chalet ," Allarmont, France",Studio,0,yes,2,1.0,4.98,45.0,125.0,Alexandra,4 mois,Grand Est,"nature, calme, propre"
438,appartement ," Hyères, France",Room,1,yes,2,1.0,5.0,38.0,100.0,Patrick,2 mois,Provence-Alpes-Côte d'Azur,"propre, cocon, cocooning"
439,maison d'hôtes ," Saint-Étienne-de-Crossey, France",Room,1,no,2,1.0,4.85,852.0,41.0,Xavier,,Auvergne-Rhône-Alpes,"terrasse, vue, montagne"
440,appartement ," Dole, France",Room,1,yes,2,1.0,4.9,390.0,86.0,David,depuis 3 ans,Bourgogne-Franche-Comté,"déjeuner, parking, propre"
441,cabane ," Isserteaux, France",Room,2,yes,4,1.0,4.96,273.0,75.0,Barbara,depuis 9 ans,Auvergne-Rhône-Alpes,"cabane, vue, nature"
442,maison d'hôtes ," Saint-Martin-du-Var, France",Studio,0,yes,2,1.0,4.99,499.0,250.0,Christian,depuis 6 ans,Provence-Alpes-Côte d'Azur,"christian, déjeuner, vue"
443,Tiny house ," La Brède, France",Room,1,yes,2,1.0,4.98,675.0,80.0,Léa,depuis 5 ans,Nouvelle-Aquitaine,"studio, propre, déjeuner"
444,cabane ," Sallanches, France",Room,1,yes,2,1.0,4.97,222.0,80.0,Alexis,depuis 2 ans,Auvergne-Rhône-Alpes,"mont, déjeuner, vue"
445,cabane ," Mollkirch, France",Room,1,yes,2,1.0,4.87,95.0,145.0,Olivier Et Amanda,depuis 2 ans,Grand Est,"sauna, marché, propre"
446,appartement en résidence ," 07700 Saint Just d’Ardèche, France",Room,1,no,2,1.0,4.99,226.0,70.0,Pascal & Véronique,depuis 5 ans,Auvergne-Rhône-Alpes,"calme, confortable, grand"
447,appartement ," Bitche, France",Room,1,no,2,1.0,5.0,5.0,115.0,Zaïr,,Grand Est,"chaude, froid, cuisine"
448,appartement en résidence ," 07700 Saint Just d’Ardèche, France",Room,1,no,2,1.0,4.99,226.0,70.0,Pascal & Véronique,depuis 5 ans,Auvergne-Rhône-Alpes,"calme, confortable, grand"
449,maison d'hôtes ," Liniers, France",Room,1,yes,4,1.0,4.99,168.0,71.0,Céline Et Alexandre,depuis 3 ans,Nouvelle-Aquitaine,"alexandre, piscine, spa"
450,appartement ," Violes, France",Studio,0,no,2,1.0,5.0,7.0,59.0,Youssef,7 mois,Provence-Alpes-Côte d'Azur,"qualité, romantique, cocon"
451,hébergement ," Feneyrols, France",Room,1,yes,2,1.0,4.95,195.0,96.0,Melissa,depuis 3 ans,Occitanie,"spa, calme, nature"
452,Cabane perchée ," Solliès-Toucas, France",Room,1,no,2,1.0,4.94,177.0,220.0,Geoffroy,depuis 8 ans,Provence-Alpes-Côte d'Azur,"cabane, calme, vue"
453,hébergement ," Génolhac, France",Studio,0,yes,4,1.0,4.91,318.0,53.0,Laurent,depuis 7 ans,Occitanie,"nature, calme, cabane"
454,Grange ," La Chapelle-Longueville, France",Room,1,yes,4,1.0,5.0,115.0,64.0,Aurore Et Karl,depuis 6 ans,Normandie,"sauna, animal, terrasse"
455,cabane ," Gathemo, France",Room,2,yes,4,1.0,4.95,96.0,101.0,Charly,depuis 9 ans,Normandie,"cabane, calme, confortable"
456,appartement ," Saint-Ouen-d'Aunis, France",Room,1,yes,2,1.0,4.97,146.0,30.0,Julien,depuis 4 ans,Nouvelle-Aquitaine,"studio, propre, calme"
457,hébergement ," La Trinité, France",Room,1,no,2,1.0,4.98,45.0,115.0,Thomas,4 mois,Normandie,"vue, propre, grand"
458,Cabane perchée ," Mittlach, France",Room,2,no,4,1.0,4.97,90.0,197.0,Vanessa,depuis 2 ans,Grand Est,"cabane, déjeuner, montagne"
459,hébergement ," Arthez-d'Asson, France",Room,1,yes,2,1.0,4.95,150.0,100.0,Malvina,depuis 2 ans,Nouvelle-Aquitaine,"montagne, vue, accueillante"
460,suite ," Les Pennes-Mirabeau, France",Room,1,yes,2,1.0,5.0,21.0,264.0,Fabien,3 mois,Provence-Alpes-Côte d'Azur,"déjeuner, suite, copieux"
461,Logement entier ," Marais-Vernier, France",Room,1,yes,4,1.0,4.95,381.0,181.0,Monika,depuis 5 ans,Normandie,"piscine, suite, vue"
